IoT Point Name,TwinWorX Variable Name,Type
NFEC.AHU-1A.zone_co2_1.PresentValue,NFEC.Ahu1A.ZoneCO2,Float
NFEC.AHU-1A.zone_temp_1.PresentValue,NFEC.Ahu1A.ZoneTemp,Float
NFEC.AHU-1A.cglvg_1.PresentValue,NFEC.Ahu1A.CGlyLTemp,Float
NFEC.AHU-1A.hglvg_1.PresentValue,NFEC.Ahu1A.HGlyLTemp,Float
NFEC.AHU-1A.mat_1.PresentValue,NFEC.Ahu1A.MaTemp,Float
NFEC.AHU-1A.rah_1.PresentValue,NFEC.Ahu1A.RaHumidity,Float
NFEC.AHU-1A.ra_co2_1.PresentValue,NFEC.Ahu1A.RaCO2,Float
NFEC.AHU-1A.rat_1.PresentValue,NFEC.Ahu1A.RaTemp,Float
NFEC.AHU-1A.rf_amps_1.PresentValue,NFEC.Ahu1A.RaFanAmps,Float
NFEC.AHU-1A.sf1_amps_1.PresentValue,NFEC.Ahu1A.SaFan1Amps,Float
NFEC.AHU-1A.sf2_amps_1.PresentValue,NFEC.Ahu1A.SaFan2Amps,Float
NFEC.AHU-1A.sah_1.PresentValue,NFEC.Ahu1A.SaHumidity,Float
NFEC.AHU-1A.sat_1.PresentValue,NFEC.Ahu1A.SaTemp,Float
NFEC.AHU-1A.ret_co2_hi_1.PresentValue,NFEC.Ahu1A.RaCO2HiAlm,Boolean
NFEC.AHU-1A.co2_hi_1.PresentValue,NFEC.Ahu1A.ZoneCO2HiAlm,Boolean
NFEC.AHU-1A.ret_co2_lo_1.PresentValue,NFEC.Ahu1A.RaCO2LoAlm,Boolean
NFEC.AHU-1A.space_co2_lo_1.PresentValue,NFEC.Ahu1A.ZoneCO2LoAlm,Boolean
NFEC.AHU-1A.mat_hi_1.PresentValue,NFEC.Ahu1A.MaTempHiAlm,Boolean
NFEC.AHU-1A.mat_lo_1.PresentValue,NFEC.Ahu1A.MaTempLoAlm,Boolean
NFEC.AHU-1A.rat_hi_1.PresentValue,NFEC.Ahu1A.RaTempHiAlm,Boolean
NFEC.AHU-1A.rat_lo_1.PresentValue,NFEC.Ahu1A.RaTempLoAlm,Boolean
NFEC.AHU-1A.rf1_fail_1.PresentValue,NFEC.Ahu1A.RaFanFailAlm,Boolean
NFEC.AHU-1A.rf1_hand_1.PresentValue,NFEC.Ahu1A.RaFanManModeSts,Boolean
NFEC.AHU-1A.rf1_spd_alm_1.PresentValue,NFEC.Ahu1A.RaFanSpdAlm,Boolean
NFEC.AHU-1A.sah_hi_1.PresentValue,NFEC.Ahu1A.SaHumidityHiAlm,Boolean
NFEC.AHU-1A.sah_lo_1.PresentValue,NFEC.Ahu1A.SaHumidityLoAlm,Boolean
NFEC.AHU-1A.sat_hi_1.PresentValue,NFEC.Ahu1A.SaTempHiAlm,Boolean
NFEC.AHU-1A.sat_lo_1.PresentValue,NFEC.Ahu1A.SaTempLoAlm,Boolean
NFEC.AHU-1A.sf1_fail_1.PresentValue,NFEC.Ahu1A.SaFan1FailAlm,Boolean
NFEC.AHU-1A.sf1_hand_1.PresentValue,NFEC.Ahu1A.SaFan1ManModeCmd,Boolean
NFEC.AHU-1A.sf1_spd_alm_1.PresentValue,NFEC.Ahu1A.SaFan1SpdAlm,Boolean
NFEC.AHU-1A.sf2_fail_1.PresentValue,NFEC.Ahu1A.SaFan2FailAlm,Boolean
NFEC.AHU-1A.sf2_hand_1.PresentValue,NFEC.Ahu1A.SaFan2ManModeSts,Boolean
NFEC.AHU-1A.sf2_spd_alm_1.PresentValue,NFEC.Ahu1A.SaFan2SpdAlm,Boolean
NFEC.AHU-1A.ztmp_hi_1.PresentValue,NFEC.Ahu1A.ZoneTempHiAlm,Boolean
NFEC.AHU-1A.ztmp_lo_1.PresentValue,NFEC.Ahu1A.ZoneTempLoAlm,Boolean
NFEC.AHU-1A.oa_ret_damper_1.PresentValue,NFEC.Ahu1A.MaDmprSts,Float
NFEC.AHU-1A.oa_s_damper_1.PresentValue,NFEC.Ahu1A.OaDmprSts,Float
NFEC.AHU-1A.clg_vlv_1.PresentValue,NFEC.Ahu1A.CHWVlvSts,Float
NFEC.AHU-1A.htg_vlv_1.PresentValue,NFEC.Ahu1A.HWVlvSts,Float
NFEC.AHU-1A.hum_mod_1.PresentValue,NFEC.Ahu1A.HumidifierEnab,Float
NFEC.AHU-1A.rf_mod_1.PresentValue,NFEC.Ahu1A.RaFanSpdSp,Float
NFEC.AHU-1A.sf1_mod_1.PresentValue,NFEC.Ahu1A.SaFan1SpdSp,Float
NFEC.AHU-1A.sf2_mod_1.PresentValue,NFEC.Ahu1A.SaFan2SpdSp,Float
NFEC.AHU-1A.occ_clg_sp_1.PresentValue,NFEC.Ahu1A.OccCoolSp,Float
NFEC.AHU-1A.occ_htg_sp_1.PresentValue,NFEC.Ahu1A.OccHeatSp,Float
NFEC.AHU-1A.unocc_clg_sp_1.PresentValue,NFEC.Ahu1A.UnoccCoolSp,Float
NFEC.AHU-1A.unocc_htg_sp_1.PresentValue,NFEC.Ahu1A.UnoccHeatSp,Float
NFEC.AHU-1A.eff_clg_sp_1.PresentValue,NFEC.Ahu1A.ZoneTempClgSp,Float
NFEC.AHU-1A.eff_htg_sp_1.PresentValue,NFEC.Ahu1A.ZoneTempHtgSp,Float
NFEC.AHU-1A.heat_request_1.PresentValue,NFEC.Ahu1A.HeatMode,Float
NFEC.AHU-1A.hum_request_1.PresentValue,NFEC.Ahu1A.HumidifyCMD,Float
NFEC.AHU-1A.c_valve_1.PresentValue,NFEC.Ahu1A.HWVlvPos,Float
NFEC.AHU-1A.h_valve_1.PresentValue,NFEC.Ahu1A.HWVlvPos,Float
NFEC.AHU-1A.ma_setpt_1.PresentValue,NFEC.Ahu1A.MaTempSp,Float
NFEC.AHU-1A.mix_damper_1.PresentValue,NFEC.Ahu1A.MaDmprPos,Float
NFEC.AHU-1A.rf_speed_1.PresentValue,NFEC.Ahu1A.RaFanSpd,Float
NFEC.AHU-1A.sa_setpt_1.PresentValue,NFEC.Ahu1A.SaTempSp,Float
NFEC.AHU-1A.sf_speed_1.PresentValue,NFEC.Ahu1A.SaFan1Spd,Float
NFEC.AHU-1A.ma_filter_1.PresentValue,NFEC.Ahu1A.MaFilterSts,Boolean
NFEC.AHU-1A.rf_1.PresentValue,NFEC.Ahu1A.RaFanCmd,Boolean
NFEC.AHU-1A.sf2_1.PresentValue,NFEC.Ahu1A.SaFan2Cmd,Boolean
NFEC.AHU-1A.sf_1.PresentValue,NFEC.Ahu1A.SaFan1Cmd,Boolean
NFEC.AHU-1A.hum_1.PresentValue,NFEC.Ahu1A.HumidifyCmd,Boolean
NFEC.AHU-1A.rf_status_dsp_1.PresentValue,NFEC.Ahu1A.RaFanSts,Boolean
NFEC.AHU-1A.sf_status_dsp_1.PresentValue,NFEC.Ahu1A.SaFan1Sts,Boolean
NFEC.AHU-1A.run_1.PresentValue,NFEC.Ahu1A.AHU1ASts,Boolean
NFEC.AHU-1A.sat_1.PresentValue,NFEC.Ahu1A.saTemp,Word
NFEC.AHU-1A.rat_1.PresentValue,NFEC.Ahu1A.raTemp,Word
NFEC.AHU-1A.mat_1.PresentValue,NFEC.Ahu1A.maTemp,Word
NFEC.AHU-1A.oat_1.PresentValue,NFEC.Ahu1A.oaTemp,Word
NFEC.AHU-1A.em1_kwh.PresentValue,NFEC.Ahu1A.em1_kwh,Word
NFEC.AHU-1A.em2_kwh.PresentValue,NFEC.Ahu1A.em2_kwh,Word
NFEC.AHU-1A.em3_kwh.PresentValue,NFEC.Ahu1A.em3_kwh,Word
NFEC.AHU-1A.em4_kwh.PresentValue,NFEC.Ahu1A.em4_kwh,Word
NFEC.AHU-1A.em5_kwh.PresentValue,NFEC.Ahu1A.em5_kwh,Word
NFEC.AHU-1A.em6_kwh.PresentValue,NFEC.Ahu1A.em6_kwh,Word
NFEC.AHU-1A.gm_kwh.PresentValue,NFEC.Ahu1A.gm_kwh,Word
NFEC.AHU-1A.wm_kwh.PresentValue,NFEC.Ahu1A.wm_kwh,Word
NFEC.AHU-1A.actP.PresentValue,NFEC.Ahu1A.actP,Word
NFEC.AHU-1A.appP.PresentValue,NFEC.Ahu1A.appP,Word
NFEC.AHU-1A.pf.PresentValue,NFEC.Ahu1A.pf,Word
NFEC.AHU-1A.SpeakerFault.PresentValue,NFEC.AHU1A.SpeakerFault,Boolean
