[{"GUID":"65d4cad6-b346-4b14-ae02-acc844ae3a25","Uri":"http://localhost:1002/","UniqueName":"DataResourceManager1","ServiceClassName":"DataResourceManager","Mode":"Primary"},{"GUID":"e7027475-74a6-4ea3-a868-b95285fc8681","Uri":"http://localhost:1003/","UniqueName":"DataAccessService1","ServiceClassName":"DAS","Mode":"Primary"},{"GUID":"6f771fd5-9102-4c00-9ef3-ba4ad2cf2fff","Uri":"http://localhost:1005/","UniqueName":"HDAS1","ServiceClassName":"HDAS","Mode":"Primary"},{"GUID":"d75bc9ca-85c3-4b93-a236-c71636f6d8ed","Uri":"http://localhost:1006/","UniqueName":"ALS1","ServiceClassName":"ALS","Mode":"Primary"}]