[
  {
    "Name": "Ahu1A_MaTempHiAlm",
    "Type": "digital",
    "Source": "NFEC.Ahu1A.MaTempHiAlm",
    "Priority": "2",
    "DelayInAlarm": "5",
    "DelayOutOfAlarm": "2",
    "NeedAcknowledge": "no",
    "AlarmWhen": true,
    "ActionWhenAlarm": "no",
    "ActionWhenOutOfAlarm": "no",
    "ActionWhenAcknowledge": "no",
    "RightClickAction": "no",
    "AlarmMessage": "High Mixed Air Temperature",
    "Area": "AHU-1A"
  },
  {
    "Name": "Ahu1A_MaTempLoAlm",
    "Type": "digital",
    "Source": "NFEC.Ahu1A.MaTempLoAlm",
    "Priority": "2",
    "DelayInAlarm": "5",
    "DelayOutOfAlarm": "2",
    "NeedAcknowledge": "no",
    "AlarmWhen": true,
    "ActionWhenAlarm": "no",
    "ActionWhenOutOfAlarm": "no",
    "ActionWhenAcknowledge": "no",
    "RightClickAction": "no",
    "AlarmMessage": "Low Mixed Air Temperature",
    "Area": "AHU-1A"
  },
  {
    "Name": "Ahu1A_RaCO2HiAlm",
    "Type": "digital",
    "Source": "NFEC.Ahu1A.RaCO2HiAlm",
    "Priority": "2",
    "DelayInAlarm": "5",
    "DelayOutOfAlarm": "2",
    "NeedAcknowledge": "no",
    "AlarmWhen": true,
    "ActionWhenAlarm": "no",
    "ActionWhenOutOfAlarm": "no",
    "ActionWhenAcknowledge": "no",
    "RightClickAction": "no",
    "AlarmMessage": "High Return Air Co2",
    "Area": "AHU-1A"
  },
  {
    "Name": "Ahu1A_RaCO2LoAlm",
    "Type": "digital",
    "Source": "NFEC.Ahu1A.RaCO2LoAlm",
    "Priority": "2",
    "DelayInAlarm": "5",
    "DelayOutOfAlarm": "2",
    "NeedAcknowledge": "no",
    "AlarmWhen": true,
    "ActionWhenAlarm": "no",
    "ActionWhenOutOfAlarm": "no",
    "ActionWhenAcknowledge": "no",
    "RightClickAction": "no",
    "AlarmMessage": "Low Return Air Co2",
    "Area": "AHU-1A"
  },
  {
    "Name": "Ahu1A_RaFanFailAlm",
    "Type": "digital",
    "Source": "NFEC.Ahu1A.RaFanFailAlm",
    "Priority": "1",
    "DelayInAlarm": "5",
    "DelayOutOfAlarm": "2",
    "NeedAcknowledge": "no",
    "AlarmWhen": true,
    "ActionWhenAlarm": "no",
    "ActionWhenOutOfAlarm": "no",
    "ActionWhenAcknowledge": "no",
    "RightClickAction": "no",
    "AlarmMessage": "Return Air Fan Fail",
    "Area": "AHU-1A"
  },
  {
    "Name": "Ahu1A_RaFanSpdAlm",
    "Type": "digital",
    "Source": "NFEC.Ahu1A.RaFanSpdAlm",
    "Priority": "2",
    "DelayInAlarm": "5",
    "DelayOutOfAlarm": "2",
    "NeedAcknowledge": "no",
    "AlarmWhen": true,
    "ActionWhenAlarm": "no",
    "ActionWhenOutOfAlarm": "no",
    "ActionWhenAcknowledge": "no",
    "RightClickAction": "no",
    "AlarmMessage": "Return Air Fan Speed",
    "Area": "AHU-1A"
  },
  {
    "Name": "Ahu1A_RaTempHiAlm",
    "Type": "digital",
    "Source": "NFEC.Ahu1A.RaTempHiAlm",
    "Priority": "2",
    "DelayInAlarm": "5",
    "DelayOutOfAlarm": "2",
    "NeedAcknowledge": "no",
    "AlarmWhen": true,
    "ActionWhenAlarm": "no",
    "ActionWhenOutOfAlarm": "no",
    "ActionWhenAcknowledge": "no",
    "RightClickAction": "no",
    "AlarmMessage": "High Return Air Temperature",
    "Area": "AHU-1A"
  },
  {
    "Name": "Ahu1A_RaTempLoAlm",
    "Type": "digital",
    "Source": "NFEC.Ahu1A.RaTempLoAlm",
    "Priority": "2",
    "DelayInAlarm": "5",
    "DelayOutOfAlarm": "2",
    "NeedAcknowledge": "no",
    "AlarmWhen": true,
    "ActionWhenAlarm": "no",
    "ActionWhenOutOfAlarm": "no",
    "ActionWhenAcknowledge": "no",
    "RightClickAction": "no",
    "AlarmMessage": "Low Return Air Temperature",
    "Area": "AHU-1A"
  },
  {
    "Name": "Ahu1A_SaFan1FailAlm",
    "Type": "digital",
    "Source": "NFEC.Ahu1A.SaFan1FailAlm",
    "Priority": "1",
    "DelayInAlarm": "5",
    "DelayOutOfAlarm": "2",
    "NeedAcknowledge": "no",
    "AlarmWhen": true,
    "ActionWhenAlarm": "no",
    "ActionWhenOutOfAlarm": "no",
    "ActionWhenAcknowledge": "no",
    "RightClickAction": "no",
    "AlarmMessage": "Supply Air Fan 1 Failure",
    "Area": "AHU-1A"
  },
  {
    "Name": "Ahu1A_SaFan1SpdAlm",
    "Type": "digital",
    "Source": "NFEC.Ahu1A.SaFan1SpdAlm",
    "Priority": "2",
    "DelayInAlarm": "5",
    "DelayOutOfAlarm": "2",
    "NeedAcknowledge": "no",
    "AlarmWhen": true,
    "ActionWhenAlarm": "no",
    "ActionWhenOutOfAlarm": "no",
    "ActionWhenAcknowledge": "no",
    "RightClickAction": "no",
    "AlarmMessage": "Supply Air Fan 1 Speed Error",
    "Area": "AHU-1A"
  },
  {
    "Name": "Ahu1A_SaFan2FailAlm",
    "Type": "digital",
    "Source": "NFEC.Ahu1A.SaFan2FailAlm",
    "Priority": "1",
    "DelayInAlarm": "5",
    "DelayOutOfAlarm": "2",
    "NeedAcknowledge": "no",
    "AlarmWhen": true,
    "ActionWhenAlarm": "no",
    "ActionWhenOutOfAlarm": "no",
    "ActionWhenAcknowledge": "no",
    "RightClickAction": "no",
    "AlarmMessage": "Supply Air Fan 2 Failure",
    "Area": "AHU-1A"
  },
  {
    "Name": "Ahu1A_SaFan2SpdAlm",
    "Type": "digital",
    "Source": "NFEC.Ahu1A.SaFan2SpdAlm",
    "Priority": "2",
    "DelayInAlarm": "5",
    "DelayOutOfAlarm": "2",
    "NeedAcknowledge": "no",
    "AlarmWhen": true,
    "ActionWhenAlarm": "no",
    "ActionWhenOutOfAlarm": "no",
    "ActionWhenAcknowledge": "no",
    "RightClickAction": "no",
    "AlarmMessage": "Supply Air Fan 2 Speed Error",
    "Area": "AHU-1A"
  },
  {
    "Name": "Ahu1A_SaHumidityHiAlm",
    "Type": "digital",
    "Source": "NFEC.Ahu1A.SaHumidityHiAlm",
    "Priority": "2",
    "DelayInAlarm": "5",
    "DelayOutOfAlarm": "2",
    "NeedAcknowledge": "no",
    "AlarmWhen": true,
    "ActionWhenAlarm": "no",
    "ActionWhenOutOfAlarm": "no",
    "ActionWhenAcknowledge": "no",
    "RightClickAction": "no",
    "AlarmMessage": "High Supply Air Humidity",
    "Area": "AHU-1A"
  },
  {
    "Name": "Ahu1A_SaHumidityLoAlm",
    "Type": "digital",
    "Source": "NFEC.Ahu1A.SaHumidityLoAlm",
    "Priority": "2",
    "DelayInAlarm": "5",
    "DelayOutOfAlarm": "2",
    "NeedAcknowledge": "no",
    "AlarmWhen": true,
    "ActionWhenAlarm": "no",
    "ActionWhenOutOfAlarm": "no",
    "ActionWhenAcknowledge": "no",
    "RightClickAction": "no",
    "AlarmMessage": "Low Supply Air Humidity",
    "Area": "AHU-1A"
  },
  {
    "Name": "Ahu1A_SaTempHiAlm",
    "Type": "digital",
    "Source": "NFEC.Ahu1A.SaTempHiAlm",
    "Priority": "2",
    "DelayInAlarm": "5",
    "DelayOutOfAlarm": "2",
    "NeedAcknowledge": "no",
    "AlarmWhen": true,
    "ActionWhenAlarm": "no",
    "ActionWhenOutOfAlarm": "no",
    "ActionWhenAcknowledge": "no",
    "RightClickAction": "no",
    "AlarmMessage": "High Supply Air Temperature",
    "Area": "AHU-1A"
  },
  {
    "Name": "Ahu1A_SaTempLoAlm",
    "Type": "digital",
    "Source": "NFEC.Ahu1A.SaTempLoAlm",
    "Priority": "2",
    "DelayInAlarm": "5",
    "DelayOutOfAlarm": "2",
    "NeedAcknowledge": "no",
    "AlarmWhen": true,
    "ActionWhenAlarm": "no",
    "ActionWhenOutOfAlarm": "no",
    "ActionWhenAcknowledge": "no",
    "RightClickAction": "no",
    "AlarmMessage": "Low Supply Air Temperature",
    "Area": "AHU-1A"
  },
  {
    "Name": "Ahu1A_ZoneCO2HiAlm",
    "Type": "digital",
    "Source": "NFEC.Ahu1A.ZoneCO2HiAlm",
    "Priority": "2",
    "DelayInAlarm": "5",
    "DelayOutOfAlarm": "2",
    "NeedAcknowledge": "no",
    "AlarmWhen": true,
    "ActionWhenAlarm": "no",
    "ActionWhenOutOfAlarm": "no",
    "ActionWhenAcknowledge": "no",
    "RightClickAction": "no",
    "AlarmMessage": "High Zone Co2",
    "Area": "AHU-1A"
  },
  {
    "Name": "Ahu1A_ZoneCO2LoAlm",
    "Type": "digital",
    "Source": "NFEC.Ahu1A.ZoneCO2LoAlm",
    "Priority": "2",
    "DelayInAlarm": "5",
    "DelayOutOfAlarm": "2",
    "NeedAcknowledge": "no",
    "AlarmWhen": true,
    "ActionWhenAlarm": "no",
    "ActionWhenOutOfAlarm": "no",
    "ActionWhenAcknowledge": "no",
    "RightClickAction": "no",
    "AlarmMessage": "Low Zone Co2",
    "Area": "AHU-1A"
  },
  {
    "Name": "Ahu1A_ZoneTempHiAlm",
    "Type": "digital",
    "Source": "NFEC.Ahu1A.ZoneTempHiAlm",
    "Priority": "2",
    "DelayInAlarm": "5",
    "DelayOutOfAlarm": "2",
    "NeedAcknowledge": "no",
    "AlarmWhen": true,
    "ActionWhenAlarm": "no",
    "ActionWhenOutOfAlarm": "no",
    "ActionWhenAcknowledge": "no",
    "RightClickAction": "no",
    "AlarmMessage": "High Zone Temperature",
    "Area": "AHU-1A"
  },
  {
    "Name": "Ahu1A_ZoneTempLoAlm",
    "Type": "digital",
    "Source": "NFEC.Ahu1A.ZoneTempLoAlm",
    "Priority": "2",
    "DelayInAlarm": "5",
    "DelayOutOfAlarm": "2",
    "NeedAcknowledge": "no",
    "AlarmWhen": true,
    "ActionWhenAlarm": "no",
    "ActionWhenOutOfAlarm": "no",
    "ActionWhenAcknowledge": "no",
    "RightClickAction": "no",
    "AlarmMessage": "Low Zone Temperature",
    "Area": "AHU-1A"
  },
  {
    "Name": "StageL_SideSpeaker_LoadFailureAlm",
    "Type": "digital",
    "Source": "NFEC.AHU1A.SpeakerFault",
    "Priority": "1",
    "DelayInAlarm": "1",
    "DelayOutOfAlarm": "2",
    "NeedAcknowledge": "no",
    "AlarmWhen": true,
    "ActionWhenAlarm": "no",
    "ActionWhenOutOfAlarm": "no",
    "ActionWhenAcknowledge": "no",
    "RightClickAction": "no",
    "AlarmMessage": "Stage Left Side Speaker Load Failure",
    "Area": "Speaker"
  }
]